Lens ID,Title,Date Published,Publication Year,Publication Type,Source Title,ISSNs,Publisher,Source Country,Author/s,Abstract,Volume,Issue Number,Start Page,End Page,Fields of Study,Keywords,MeSH Terms,Chemicals,Funding,Source URLs,External URL,PMID,DOI,Microsoft Academic ID,PMCID,Patent Citation Count,References,Scholarly Citation Count
003-405-314-929-774,,,1984,journal issue,KNOWLEDGE ORGANIZATION,09437444,Nomos Verlag,,,,11,1,,,,,,,,,http://dx.doi.org/10.5771/0943-7444-1984-1,,10.5771/0943-7444-1984-1,,,0,,0
003-430-291-766-734,Redundant indexing languages patterned after the natural language (In German),,1980,journal article,Knowledge Organization,09437444,International Society for Knowledge Organization,Germany,Siegfried Reball,,7,1,10,12,German; Natural language; Computer science; Linguistics; Search engine indexing,,,,,http://dx.doi.org/10.5771/0943-7444-1980-1-10,http://dx.doi.org/10.5771/0943-7444-1980-1-10,,10.5771/0943-7444-1980-1-10,2890889035,,0,,0
003-545-145-561-036,Su bject Analysis in the Library. A Comparative Study,,1981,journal article,Knowledge Organization,09437444,International Society for Knowledge Organization,Germany,Bente Ahlers Moeller,,8,1,23,27,Library science; Computer science,,,,,http://dx.doi.org/10.5771/0943-7444-1981-1-23,http://dx.doi.org/10.5771/0943-7444-1981-1-23,,10.5771/0943-7444-1981-1-23,2891210318,,0,,2
003-819-374-945-880,Infoterm News,,1982,journal article,KNOWLEDGE ORGANIZATION,09437444,Nomos Verlag,,,,9,2,101,104,,,,,,,http://dx.doi.org/10.5771/0943-7444-1982-2-101,,10.5771/0943-7444-1982-2-101,,,0,,0
003-970-027-144-722,"Wersig, G.: Thesaurus-Leitfaden (Thesaurus Guideline) (D. Soergel)",,1980,journal article,KNOWLEDGE ORGANIZATION,09437444,Nomos Verlag,,,,7,2,90,91,,,,,,,http://dx.doi.org/10.5771/0943-7444-1980-2-90,,10.5771/0943-7444-1980-2-90,,,0,,0
004-205-732-174-896,P. Rutz: Two-valued and Many-valued Logics (In German) (W. G. Stock),,1984,journal article,KNOWLEDGE ORGANIZATION,09437444,Nomos Verlag,,,,11,2,107,109,,,,,,,http://dx.doi.org/10.5771/0943-7444-1984-2-107,,10.5771/0943-7444-1984-2-107,,,0,,0
004-865-500-526-227,,,1982,journal issue,KNOWLEDGE ORGANIZATION,09437444,Nomos Verlag,,,,9,2,,,,,,,,,http://dx.doi.org/10.5771/0943-7444-1982-2,,10.5771/0943-7444-1982-2,,,0,,0
005-594-502-160-833,Loi Mai Chan’s New edition of Immroth’s manual on the Library of Congress Classification,,1980,journal article,Knowledge Organization,09437444,International Society for Knowledge Organization,Germany,Jean M. Perreault,,7,3,126,130,Library of Congress Classification; Library science; Political science,,,,,http://dx.doi.org/10.5771/0943-7444-1980-3-126,http://dx.doi.org/10.5771/0943-7444-1980-3-126,,10.5771/0943-7444-1980-3-126,2892343082,,0,,0
006-998-056-822-098,"G. N. Knight: Indexing, The Art of (Svenonius)",,1980,journal article,KNOWLEDGE ORGANIZATION,09437444,Nomos Verlag,,,,7,3,154,155,,,,,,,http://dx.doi.org/10.5771/0943-7444-1980-3-154,,10.5771/0943-7444-1980-3-154,,,0,,0
008-702-626-149-286,Titelei/Inhaltsverzeichnis,,1981,journal article,KNOWLEDGE ORGANIZATION,09437444,Nomos Verlag,,,,8,1,I,I,,,,,,,http://dx.doi.org/10.5771/0943-7444-1981-1-i,,10.5771/0943-7444-1981-1-i,,,0,,0
009-107-285-832-991,"Infoterm and TermNet. Plans, activities, achievements",,1980,journal article,Knowledge Organization,09437444,International Society for Knowledge Organization,Germany,Helmut Felber,,7,3,140,145,Political science; Public relations,,,,,http://dx.doi.org/10.5771/0943-7444-1980-3-140,http://dx.doi.org/10.5771/0943-7444-1980-3-140,,10.5771/0943-7444-1980-3-140,2890300140,,0,,0
009-304-055-560-938,On the invariance of metrics on Rn under certain families of transformations of Rn (In German),,1981,journal article,Knowledge Organization,09437444,International Society for Knowledge Organization,Germany,Reinhard Dobbener,,8,2,64,68,German; Invariant (physics); Pure mathematics; Mathematics,,,,,http://dx.doi.org/10.5771/0943-7444-1981-2-64,http://dx.doi.org/10.5771/0943-7444-1981-2-64,,10.5771/0943-7444-1981-2-64,2890847005,,0,,0
009-334-638-128-749,INFOTERM NEWS,,1981,journal article,KNOWLEDGE ORGANIZATION,09437444,Nomos Verlag,,,,8,3,155,156,,,,,,,http://dx.doi.org/10.5771/0943-7444-1981-3-155,,10.5771/0943-7444-1981-3-155,,,0,,0
010-110-391-480-291,Toward an integrated thesaurus of the social sciences,,1980,journal article,Knowledge Organization,09437444,International Society for Knowledge Organization,Germany,J. Litoukhin,,7,2,56,59,Sociology; Library science,,,,,http://dx.doi.org/10.5771/0943-7444-1980-2-56,http://dx.doi.org/10.5771/0943-7444-1980-2-56,,10.5771/0943-7444-1980-2-56,2889778924,,0,,1
010-120-401-807-809,FID/CR News 11,,1984,journal article,KNOWLEDGE ORGANIZATION,09437444,Nomos Verlag,,,,11,2,91,96,,,,,,,http://dx.doi.org/10.5771/0943-7444-1984-2-91,,10.5771/0943-7444-1984-2-91,,,0,,0
010-400-516-668-366,"Nalimov, V. V.: Faces of science (H. Löckenhoff)",,1982,journal article,KNOWLEDGE ORGANIZATION,09437444,Nomos Verlag,,,,9,2,107,108,,,,,,,http://dx.doi.org/10.5771/0943-7444-1982-2-107,,10.5771/0943-7444-1982-2-107,,,0,,0
010-599-767-638-357,How to Make an Index 16th Century Style: Conrad Gessner on Indexes and Catalogs,,1981,journal article,Knowledge Organization,09437444,International Society for Knowledge Organization,Germany,Hans H. Wellisch,,8,1,10,15,Classics; History,,,,,http://dx.doi.org/10.5771/0943-7444-1981-1-10,http://dx.doi.org/10.5771/0943-7444-1981-1-10,,10.5771/0943-7444-1981-1-10,2892310429,,0,,6
010-628-141-053-170,"J. C. Sager, D. Dungworth, P. F. McDonald: English Special Languages (F. Riggs)",,1981,journal article,KNOWLEDGE ORGANIZATION,09437444,Nomos Verlag,,,,8,3,169,171,,,,,,,http://dx.doi.org/10.5771/0943-7444-1981-3-169,,10.5771/0943-7444-1981-3-169,,,0,,0
012-163-080-251-776,B. de Finetti: Probability Theory (In German). (E. Oeser),,1984,journal article,KNOWLEDGE ORGANIZATION,09437444,Nomos Verlag,,,,11,2,103,104,,,,,,,http://dx.doi.org/10.5771/0943-7444-1984-2-103,,10.5771/0943-7444-1984-2-103,,,0,,0
012-493-536-287-147,Reports and Communications,,1981,journal article,KNOWLEDGE ORGANIZATION,09437444,Nomos Verlag,,,,8,3,149,152,,,,,,,http://dx.doi.org/10.5771/0943-7444-1981-3-149,,10.5771/0943-7444-1981-3-149,,,0,,0
012-593-806-205-905,"ICC – Information Coding Classification – principles, structure and application possibilities",,1982,journal article,Knowledge Organization,09437444,International Society for Knowledge Organization,Germany,I. Dahlberg,,9,2,87,93,Information retrieval; Information coding; Computer science,,,,,http://dx.doi.org/10.5771/0943-7444-1982-2-87,http://dx.doi.org/10.5771/0943-7444-1982-2-87,,10.5771/0943-7444-1982-2-87,2891852514,,0,,7
013-224-050-497-807,COCTA News,,1984,journal article,KNOWLEDGE ORGANIZATION,09437444,Nomos Verlag,,,,11,3,167,168,,,,,,,http://dx.doi.org/10.5771/0943-7444-1984-3-167,,10.5771/0943-7444-1984-3-167,,,0,,0
013-750-558-775-249,Letters to the Editor,,1981,journal article,KNOWLEDGE ORGANIZATION,09437444,Nomos Verlag,,,,8,3,185,185,,,,,,,http://dx.doi.org/10.5771/0943-7444-1981-3-185,,10.5771/0943-7444-1981-3-185,,,0,,0
013-882-933-100-636,COCTA NEWS,,1981,journal article,KNOWLEDGE ORGANIZATION,09437444,Nomos Verlag,,,,8,3,157,161,,,,,,,http://dx.doi.org/10.5771/0943-7444-1981-3-157,,10.5771/0943-7444-1981-3-157,,,0,,0
014-846-143-268-184,Systems theory and its relevance to documentary classification,,1980,journal article,Knowledge Organization,09437444,International Society for Knowledge Organization,Germany,D. J. Foskett,,44,1,129,134,Epistemology; Computer science; Systems theory,,,,,http://dx.doi.org/10.5771/0943-7444-1980-1-2 https://www.nomos-elibrary.de/index.php?doi=10.5771/0943-7444-2017-2-129,http://dx.doi.org/10.5771/0943-7444-1980-1-2,,,180591591,,0,,4
016-882-233-851-69X,Classification in Australian Libraries,,1980,journal article,Knowledge Organization,09437444,International Society for Knowledge Organization,Germany,John McKinlay,,7,3,131,134,Library science; Geography,,,,,http://dx.doi.org/10.5771/0943-7444-1980-3-131,http://dx.doi.org/10.5771/0943-7444-1980-3-131,,10.5771/0943-7444-1980-3-131,2890000889,,0,,0
016-927-427-836-62X,Topic relevance and retrieval effectiveness,,1983,journal article,Knowledge Organization,09437444,International Society for Knowledge Organization,Germany,Florence E. DeHart,,10,1,9,14,Information retrieval; Computer science,,,,,http://dx.doi.org/10.5771/0943-7444-1983-1-9,http://dx.doi.org/10.5771/0943-7444-1983-1-9,,10.5771/0943-7444-1983-1-9,2889761808,,0,,0
018-265-505-113-009,Canons in analytico-synthetic classification,,1980,journal article,Knowledge Organization,09437444,International Society for Knowledge Organization,Germany,Prithvi N. Kaula,,7,3,118,125,Artificial intelligence; Natural language processing; Computer science,,,,,http://dx.doi.org/10.5771/0943-7444-1980-3-118,http://dx.doi.org/10.5771/0943-7444-1980-3-118,,10.5771/0943-7444-1980-3-118,2891474103,,0,,1
020-576-320-601-807,A descriptor bank of social science terms,,1982,journal article,Knowledge Organization,09437444,International Society for Knowledge Organization,Germany,P.J. Whitelock,,9,3,145,151,Sociology; Social science,,,,,http://dx.doi.org/10.5771/0943-7444-1982-3-145,http://dx.doi.org/10.5771/0943-7444-1982-3-145,,10.5771/0943-7444-1982-3-145,2890711544,,0,,1
020-884-181-982-594,Classification Literature 8 (1981) No. 3,,1981,journal article,KNOWLEDGE ORGANIZATION,09437444,Nomos Verlag,,,,8,3,173,184,,,,,,,http://dx.doi.org/10.5771/0943-7444-1981-3-173,,10.5771/0943-7444-1981-3-173,,,0,,0
020-885-191-766-048,Universal Classification. Subject Analysis and Ordering Systems (B. Endres-Niggemeyer),,1984,journal article,KNOWLEDGE ORGANIZATION,09437444,Nomos Verlag,,,,11,3,169,171,,,,,,,http://dx.doi.org/10.5771/0943-7444-1984-3-169,,10.5771/0943-7444-1984-3-169,,,0,,0
021-639-269-462-03X,,,1980,journal issue,KNOWLEDGE ORGANIZATION,09437444,Nomos Verlag,,,,7,1,,,,,,,,,http://dx.doi.org/10.5771/0943-7444-1980-1,,10.5771/0943-7444-1980-1,,,0,,0
022-757-123-162-556,Reports and Communications,,1984,journal article,KNOWLEDGE ORGANIZATION,09437444,Nomos Verlag,,,,11,1,28,30,,,,,,,http://dx.doi.org/10.5771/0943-7444-1984-1-28,,10.5771/0943-7444-1984-1-28,,,0,,0
023-402-329-800-617,On the practice of indexing and its theoretical foundation,,1980,journal article,Knowledge Organization,09437444,International Society for Knowledge Organization,Germany,Robert Fugmann,,7,1,13,20,Information retrieval; Computer science; Search engine indexing,,,,,http://dx.doi.org/10.5771/0943-7444-1980-1-13,http://dx.doi.org/10.5771/0943-7444-1980-1-13,,10.5771/0943-7444-1980-1-13,2890079190,,0,,4
023-459-336-427-459,"FORMANN, A. K., MAZANEL, J. A., OBERHAUSER, D.C.: Numerische Klassifikationsprobleme in ,groBen' Datensatzen der demoskopischen Marktforschung: Ein empirischer Methodenvergleich von Latent-Class- und Cluster'Analyse (Pr.oblems of numerical classification in large data sets for demoscopic marketing studies: An empirical comparison between latent class analysis and cluster analysis). (In German.) Wien: Wirtschaftsverlag Dr. Anton Orac 1979. 113 pp. Arbeitspapiere des Instituts flir Werbewissenschaft und Marktforschung Wien 12/1979.",,1981,journal article,KNOWLEDGE ORGANIZATION,09437444,Nomos Verlag,,,,8,1,41,42,,,,,,,http://dx.doi.org/10.5771/0943-7444-1981-1-41,,10.5771/0943-7444-1981-1-41,,,0,,0
023-580-145-520-460,The Ordering of Knowledge and the Knowledge of Ordering Between Renaissance and Enlightenment,,1981,journal article,Knowledge Organization,09437444,International Society for Knowledge Organization,Germany,Wilhelm Totok,,8,1,2,9,Philosophy; Enlightenment; The Renaissance; Classics,,,,,http://dx.doi.org/10.5771/0943-7444-1981-1-2,http://dx.doi.org/10.5771/0943-7444-1981-1-2,,10.5771/0943-7444-1981-1-2,2892076388,,0,,0
024-254-985-050-601,Classification Literature 9 (1982) No. 2,,1982,journal article,KNOWLEDGE ORGANIZATION,09437444,Nomos Verlag,,,,9,2,109,124,,,,,,,http://dx.doi.org/10.5771/0943-7444-1982-2-109,,10.5771/0943-7444-1982-2-109,,,0,,0
025-959-065-013-986,V.I. Gor’kova (Ed.): Essential Problems in Terminology of Informatics and Documentation. Frequency Term Lists. (I. Dahlberg),,1983,journal article,KNOWLEDGE ORGANIZATION,09437444,Nomos Verlag,,,,10,1,43,44,,,,,,,http://dx.doi.org/10.5771/0943-7444-1983-1-43-1,,10.5771/0943-7444-1983-1-43-1,,,0,,0
026-773-163-333-941,COCTA News,,1984,journal article,KNOWLEDGE ORGANIZATION,09437444,Nomos Verlag,,,,11,1,39,40,,,,,,,http://dx.doi.org/10.5771/0943-7444-1984-1-39,,10.5771/0943-7444-1984-1-39,,,0,,0
027-234-127-520-890,"Micevic, A. T.: Methodische Grundlagen der Untersuchung wissenschaftlicher Informationsströme (Methodological foundations for the investigation of scientific and technical information flows) (O. Nacke)",,1980,journal article,KNOWLEDGE ORGANIZATION,09437444,Nomos Verlag,,,,7,2,93,94,,,,,,,http://dx.doi.org/10.5771/0943-7444-1980-2-93,,10.5771/0943-7444-1980-2-93,,,0,,0
028-813-571-864-940,"OESER, Erhard: Wissenschaft und Information (Science and Information). Vol. I: Wissenschaftstheorie und em pirische Wissenschaftsforschung. (Theory of science and empirical science research). 158 p., OM 21,- ISBN 3-486-48111-8 Vol. 2: Erkenntnis als InformationsprozeB (Recognition as an informational process). 144 p., OM 21,- ISBN 3486-49261-6 Vol. 3: Struktur und Oynamik erfahrungswissenschaft licher Systeme (Structure and dynamics of empirical systems). 160 p., OM 21 ,-, ISBN 3-486-49271-3 Munchen: R. Oldenbourg Verlag 1976. OESER, Erhard: Wissenschaftstheorie als Rekonstruk tion der Wissenschaftsgeschichte. (Theory of science as a reconstruction of history of",,1981,journal article,KNOWLEDGE ORGANIZATION,09437444,Nomos Verlag,,,,8,1,39,40,,,,,,,http://dx.doi.org/10.5771/0943-7444-1981-1-39,,10.5771/0943-7444-1981-1-39,,,0,,0
029-949-193-281-770,Dewey: The neglected introduction,,1981,journal article,Knowledge Organization,09437444,International Society for Knowledge Organization,Germany,Raymond Moss,,8,3,139,144,Epistemology; Philosophy,,,,,http://dx.doi.org/10.5771/0943-7444-1981-3-139,http://dx.doi.org/10.5771/0943-7444-1981-3-139,,10.5771/0943-7444-1981-3-139,2889857900,,0,,0
031-636-729-502-856,"H. Kazmierczak (Ed.): Input and machine processing of pictorial data (in German) (H. Bley, in German)",,1981,journal article,KNOWLEDGE ORGANIZATION,09437444,Nomos Verlag,,,,8,3,167,168,,,,,,,http://dx.doi.org/10.5771/0943-7444-1981-3-167-1,,10.5771/0943-7444-1981-3-167-1,,,0,,0
031-680-608-534-876,"ALSHElMER, Rainer (Ed.) : BestandserschlieBung und Bibliotheksstruktur. Rolf KlUtll zum 10.2.1979. (Analy· sis of holdings and library structure), Festschrift for Rolf Kluth.) Wiesbaden: Harrassowitz 1979. X, 244 p., DM 54,-, ISBN 3-447·02008-3 = Beitrage zum Buch- u. Bibliothekswesen Bd. 17",,1981,journal article,KNOWLEDGE ORGANIZATION,09437444,Nomos Verlag,,,,8,1,40,41,,,,,,,http://dx.doi.org/10.5771/0943-7444-1981-1-40,,10.5771/0943-7444-1981-1-40,,,0,,0
032-772-295-877-142,In Memoriam,,1981,journal article,KNOWLEDGE ORGANIZATION,09437444,Nomos Verlag,,,,8,3,186,186,,,,,,,http://dx.doi.org/10.5771/0943-7444-1981-3-186,,10.5771/0943-7444-1981-3-186,,,0,,0
033-205-126-057-069,The relevance of INTERCONCEPT for classification and indexing,,1980,journal article,Knowledge Organization,09437444,International Society for Knowledge Organization,Germany,Pal Vasarhelyi,,7,1,6,9,Information retrieval; Computer science; Search engine indexing,,,,,http://dx.doi.org/10.5771/0943-7444-1980-1-6,http://dx.doi.org/10.5771/0943-7444-1980-1-6,,10.5771/0943-7444-1980-1-6,2891486915,,0,,0
033-655-708-493-125,Titelei/Inhaltsverzeichnis,,1983,journal article,KNOWLEDGE ORGANIZATION,09437444,Nomos Verlag,,,,10,1,I,III,,,,,,,http://dx.doi.org/10.5771/0943-7444-1983-1-i,,10.5771/0943-7444-1983-1-i,,,0,,0
035-701-013-870-913,On how to find a fundamental classification of human knowledge (III). (In German),,1984,journal article,Knowledge Organization,09437444,International Society for Knowledge Organization,Germany,Thomas T. Ballmer,,11,1,21,27,Sociology; German; Human knowledge; Linguistics,,,,,http://dx.doi.org/10.5771/0943-7444-1984-1-21,http://dx.doi.org/10.5771/0943-7444-1984-1-21,,10.5771/0943-7444-1984-1-21,2889813705,,0,,0
037-613-435-487-335,H. H. Wellisch: Indexing and Abstracting. An International Bibliography (S. Seetharama),,1981,journal article,KNOWLEDGE ORGANIZATION,09437444,Nomos Verlag,,,,8,2,104,104,,,,,,,http://dx.doi.org/10.5771/0943-7444-1981-2-104,,10.5771/0943-7444-1981-2-104,,,0,,0
041-399-717-221-033,Observations on standards and guidelines concerning thesaurus construction,,1981,journal article,Knowledge Organization,09437444,International Society for Knowledge Organization,Germany,Harold L. Somers,,8,2,69,74,Construction engineering; Computer science,,,,,http://dx.doi.org/10.5771/0943-7444-1981-2-69,http://dx.doi.org/10.5771/0943-7444-1981-2-69,,10.5771/0943-7444-1981-2-69,2891811885,,0,,1
041-444-561-174-313,,,1981,journal issue,KNOWLEDGE ORGANIZATION,09437444,Nomos Verlag,,,,8,3,,,,,,,,,http://dx.doi.org/10.5771/0943-7444-1981-3,,10.5771/0943-7444-1981-3,,,0,,0
044-541-126-784-217,Titelei/Inhaltsverzeichnis,,1982,journal article,KNOWLEDGE ORGANIZATION,09437444,Nomos Verlag,,,,9,3,I,III,,,,,,,http://dx.doi.org/10.5771/0943-7444-1982-3-i,,10.5771/0943-7444-1982-3-i,,,0,,0
044-566-682-177-689,"J. Goetschalckx, L. Rolling: Lexicography in the Electronic Age. Proceedings, Luxemburg 7–9 July 1981 (F. W. Riggs)",,1984,journal article,KNOWLEDGE ORGANIZATION,09437444,Nomos Verlag,,,,11,2,104,105,,,,,,,http://dx.doi.org/10.5771/0943-7444-1984-2-104,,10.5771/0943-7444-1984-2-104,,,0,,0
044-661-593-065-963,Titelei/Inhaltsverzeichnis,,1984,journal article,KNOWLEDGE ORGANIZATION,09437444,Nomos Verlag,,,,11,2,I,III,,,,,,,http://dx.doi.org/10.5771/0943-7444-1984-2-i,,10.5771/0943-7444-1984-2-i,,,0,,0
044-865-241-322-238,H. R. Simon: Research and Publication Trends in Systematic Zoology 1958–1970 (V. V. Nalimov),,1984,journal article,KNOWLEDGE ORGANIZATION,09437444,Nomos Verlag,,,,11,1,41,41,,,,,,,http://dx.doi.org/10.5771/0943-7444-1984-1-41,,10.5771/0943-7444-1984-1-41,,,0,,0
045-195-909-422-21X,N. Rescher: Cognitive systematization (F. Suppe),,1981,journal article,KNOWLEDGE ORGANIZATION,09437444,Nomos Verlag,,,,8,3,162,164,,,,,,,http://dx.doi.org/10.5771/0943-7444-1981-3-162,,10.5771/0943-7444-1981-3-162,,,0,,0
046-125-572-346-903,Variations in the order-creating power of interactive retrieval systems,,1980,journal article,Knowledge Organization,09437444,International Society for Knowledge Organization,Germany,Robert Fugmann; Walter Denk; Ingeborg Nickelsen,,7,2,73,78,Human–computer interaction; Computer science,,,,,http://dx.doi.org/10.5771/0943-7444-1980-2-73,http://dx.doi.org/10.5771/0943-7444-1980-2-73,,10.5771/0943-7444-1980-2-73,2889702715,,0,,0
046-598-345-245-408,Topic relevance and BSO switching effectiveness,,1982,journal article,Knowledge Organization,09437444,International Society for Knowledge Organization,Germany,Florence E. DeHart,,9,2,71,76,Information retrieval; Computer science,,,,,http://dx.doi.org/10.5771/0943-7444-1982-2-71,http://dx.doi.org/10.5771/0943-7444-1982-2-71,,10.5771/0943-7444-1982-2-71,2891895124,,0,,1
046-975-270-097-877,"The Alphabet. Pattern, history and perspective of the earliest classification system",,1984,journal article,Knowledge Organization,09437444,International Society for Knowledge Organization,Germany,Wolfgang Dahlberg,,11,1,13,20,Alphabet; Artificial intelligence; Natural language processing; History,,,,,http://dx.doi.org/10.5771/0943-7444-1984-1-13,http://dx.doi.org/10.5771/0943-7444-1984-1-13,,10.5771/0943-7444-1984-1-13,2890351136,,0,,0
047-293-817-492-01X,Communicative Grammar and machine-assisted text contents analysis,,1984,journal article,Knowledge Organization,09437444,International Society for Knowledge Organization,Germany,Alfred Hoppe,,11,1,9,12,Grammar; Computer science; Linguistics,,,,,http://dx.doi.org/10.5771/0943-7444-1984-1-9,http://dx.doi.org/10.5771/0943-7444-1984-1-9,,10.5771/0943-7444-1984-1-9,2890990948,,0,,0
047-647-596-083-129,Establishment of glossaries: Their basic functions,,1982,journal article,Knowledge Organization,09437444,International Society for Knowledge Organization,Germany,Fred W. Riggs,,9,2,77,86,,,,,,http://dx.doi.org/10.5771/0943-7444-1982-2-77,http://dx.doi.org/10.5771/0943-7444-1982-2-77,,10.5771/0943-7444-1982-2-77,2889873593,,0,,0
048-190-663-634-680,Classification Literature 8 (1981) No. 2,,1981,journal article,KNOWLEDGE ORGANIZATION,09437444,Nomos Verlag,,,,8,2,109,124,,,,,,,http://dx.doi.org/10.5771/0943-7444-1981-2-109,,10.5771/0943-7444-1981-2-109,,,0,,0
051-560-669-162-630,Titelei/Inhaltsverzeichnis,,1984,journal article,KNOWLEDGE ORGANIZATION,09437444,Nomos Verlag,,,,11,1,1,0,,,,,,,http://dx.doi.org/10.5771/0943-7444-1984-1-1,,10.5771/0943-7444-1984-1-1,,,0,,0
052-764-485-619-22X,Toward establishment of compatibility between indexing languages,,1981,journal article,Knowledge Organization,09437444,International Society for Knowledge Organization,Germany,Ingetraut Dahlberg,,8,2,86,91,Information retrieval; Computer science; Search engine indexing; Compatibility (mechanics),,,,,http://dx.doi.org/10.5771/0943-7444-1981-2-86,http://dx.doi.org/10.5771/0943-7444-1981-2-86,,10.5771/0943-7444-1981-2-86,2890485034,,0,,3
053-027-949-852-983,Reports and Communications,,1981,journal article,KNOWLEDGE ORGANIZATION,09437444,Nomos Verlag,,,,8,1,28,32,,,,,,,http://dx.doi.org/10.5771/0943-7444-1981-1-28,,10.5771/0943-7444-1981-1-28,,,0,,0
054-450-325-564-822,Classification Literature 10 (1983) No. 1,,1983,journal article,KNOWLEDGE ORGANIZATION,09437444,Nomos Verlag,,,,10,1,45,62,,,,,,,http://dx.doi.org/10.5771/0943-7444-1983-1-45,,10.5771/0943-7444-1983-1-45,,,0,,0
055-211-522-920-740,INFOTERM NEWS,,1981,journal article,KNOWLEDGE ORGANIZATION,09437444,Nomos Verlag,,,,8,1,36,36,,,,,,,http://dx.doi.org/10.5771/0943-7444-1981-1-36,,10.5771/0943-7444-1981-1-36,,,0,,0
055-630-459-932-445,Infoterm News,,1980,journal article,KNOWLEDGE ORGANIZATION,09437444,Nomos Verlag,,,,7,2,85,85,,,,,,,http://dx.doi.org/10.5771/0943-7444-1980-2-85,,10.5771/0943-7444-1980-2-85,,,0,,0
056-419-379-247-651,FID/CR News,,1981,journal article,KNOWLEDGE ORGANIZATION,09437444,Nomos Verlag,,,,8,2,96,97,,,,,,,http://dx.doi.org/10.5771/0943-7444-1981-2-96,,10.5771/0943-7444-1981-2-96,,,0,,0
057-879-514-081-425,,,1980,journal issue,KNOWLEDGE ORGANIZATION,09437444,Nomos Verlag,,,,7,3,,,,,,,,,http://dx.doi.org/10.5771/0943-7444-1980-3,,10.5771/0943-7444-1980-3,,,0,,0
058-990-915-542-298,"R.F. Ellen, D. Reason (Eds.): Classifications in their social context (R. Kesselman)",,1981,journal article,KNOWLEDGE ORGANIZATION,09437444,Nomos Verlag,,,,8,3,164,167,,,,,,,http://dx.doi.org/10.5771/0943-7444-1981-3-164,,10.5771/0943-7444-1981-3-164,,,0,,0
060-089-575-109-964,COCTA News,,1984,journal article,KNOWLEDGE ORGANIZATION,09437444,Nomos Verlag,,,,11,2,100,102,,,,,,,http://dx.doi.org/10.5771/0943-7444-1984-2-100,,10.5771/0943-7444-1984-2-100,,,0,,0
060-191-122-030-621,Education in Classification,,1984,journal article,KNOWLEDGE ORGANIZATION,09437444,Nomos Verlag,,,,11,2,65,65,,,,,,,http://dx.doi.org/10.5771/0943-7444-1984-2-65,,10.5771/0943-7444-1984-2-65,,,0,,0
060-947-379-977-076,Conceptual compatibility of ordering systems,,1983,journal article,Knowledge Organization,09437444,International Society for Knowledge Organization,Germany,Ingetraut Dahlberg,,10,1,5,8,Systems engineering; Computer science; Compatibility (mechanics),,,,,http://dx.doi.org/10.5771/0943-7444-1983-1-5,http://dx.doi.org/10.5771/0943-7444-1983-1-5,,10.5771/0943-7444-1983-1-5,2891456941,,0,,17
062-538-015-536-38X,"Coates, E. et al: BSO. Broad System of Ordering: Schedule and Index, together with Coates, E. et al: The BSO Manual (I. Travis)",,1980,journal article,KNOWLEDGE ORGANIZATION,09437444,Nomos Verlag,,,,7,2,92,93,,,,,,,http://dx.doi.org/10.5771/0943-7444-1980-2-92,,10.5771/0943-7444-1980-2-92,,,0,,0
063-317-583-979-717,D. Schwarz: Naming and referring: the semantics and pragmatics of singular terms (Sechser),,1980,journal article,KNOWLEDGE ORGANIZATION,09437444,Nomos Verlag,,,,7,3,156,157,,,,,,,http://dx.doi.org/10.5771/0943-7444-1980-3-156,,10.5771/0943-7444-1980-3-156,,,0,,0
064-079-787-298-759,FID/CR NEWS 3,,1981,journal article,KNOWLEDGE ORGANIZATION,09437444,Nomos Verlag,,,,8,3,153,154,,,,,,,http://dx.doi.org/10.5771/0943-7444-1981-3-153,,10.5771/0943-7444-1981-3-153,,,0,,0
064-521-425-682-39X,,,1984,journal issue,KNOWLEDGE ORGANIZATION,09437444,Nomos Verlag,,,,11,3,,,,,,,,,http://dx.doi.org/10.5771/0943-7444-1984-3,,10.5771/0943-7444-1984-3,,,0,,0
065-169-301-791-208,Reports and Communications,,1983,journal article,KNOWLEDGE ORGANIZATION,09437444,Nomos Verlag,,,,10,1,24,28,,,,,,,http://dx.doi.org/10.5771/0943-7444-1983-1-24,,10.5771/0943-7444-1983-1-24,,,0,,0
067-204-139-383-284,Classification Literature 11 (1984) No. 2,,1984,journal article,KNOWLEDGE ORGANIZATION,09437444,Nomos Verlag,,,,11,2,110,126,,,,,,,http://dx.doi.org/10.5771/0943-7444-1984-2-110,,10.5771/0943-7444-1984-2-110,,,0,,0
069-025-026-953-649,"H. Lohse, R. Ludwig, M. Röhr: Statistical Procedures for Psychologists and Sociologists. (In German) (J. Krauth)",,1984,journal article,KNOWLEDGE ORGANIZATION,09437444,Nomos Verlag,,,,11,2,106,106,,,,,,,http://dx.doi.org/10.5771/0943-7444-1984-2-106,,10.5771/0943-7444-1984-2-106,,,0,,0
069-046-110-616-170,Infoterm News,,1983,journal article,KNOWLEDGE ORGANIZATION,09437444,Nomos Verlag,,,,10,1,37,38,,,,,,,http://dx.doi.org/10.5771/0943-7444-1983-1-37,,10.5771/0943-7444-1983-1-37,,,0,,0
069-052-605-698-017,Systems theory and its relevance to documentary classification,,1980,journal article,KNOWLEDGE ORGANIZATION,09437444,Nomos Verlag,,Douglas J. Foskett,,7,1,2,5,,,,,,,http://dx.doi.org/10.5771/0943-7444-1980-1-2,,10.5771/0943-7444-1980-1-2,,,0,,0
069-198-761-666-019,H. Späth: Cluster-Formation und -Analyse. (Cluster formation and analysis (H. H. Bock),,1984,journal article,KNOWLEDGE ORGANIZATION,09437444,Nomos Verlag,,,,11,3,172,172,,,,,,,http://dx.doi.org/10.5771/0943-7444-1984-3-172,,10.5771/0943-7444-1984-3-172,,,0,,0
074-469-970-163-672,The Broad System of Ordering (BSO) as a basis for an integrated social science thesaurus,,1980,journal article,Knowledge Organization,09437444,International Society for Knowledge Organization,Germany,Ingetraut Dahlberg,,7,2,66,72,Computer science; Management science,,,,,http://dx.doi.org/10.5771/0943-7444-1980-2-66,http://dx.doi.org/10.5771/0943-7444-1980-2-66,,10.5771/0943-7444-1980-2-66,2891452043,,0,,2
075-483-244-186-13X,The idea of a COCTA-Glossary: The pilot project on Ethnicity,,1983,journal article,Knowledge Organization,09437444,International Society for Knowledge Organization,Germany,Fred W. Riggs,,10,1,19,23,Ethnic group; Sociology; Anthropology; Glossary,,,,,http://dx.doi.org/10.5771/0943-7444-1983-1-19,http://dx.doi.org/10.5771/0943-7444-1983-1-19,,10.5771/0943-7444-1983-1-19,2891685608,,0,,0
077-132-422-513-26X,"ECKES, Th., ROSSBACH, H.: Clusteranalysen. (Cluster analyses.) (In German.) Stuttgart/Berlin/K6In/Mainz: Kohlhammer 1980. 124 p., DM 25, ISBN 3-17-001361-0",,1981,journal article,KNOWLEDGE ORGANIZATION,09437444,Nomos Verlag,,,,8,1,43,43,,,,,,,http://dx.doi.org/10.5771/0943-7444-1981-1-43,,10.5771/0943-7444-1981-1-43,,,0,,0
078-068-464-963-464,Editorial,,1980,journal article,KNOWLEDGE ORGANIZATION,09437444,Nomos Verlag,,,,7,2,55,55,,,,,,,http://dx.doi.org/10.5771/0943-7444-1980-2-55,,10.5771/0943-7444-1980-2-55,,,0,,0
078-693-520-332-370,INFOTERM News,,1980,journal article,KNOWLEDGE ORGANIZATION,09437444,Nomos Verlag,,,,7,3,152,153,,,,,,,http://dx.doi.org/10.5771/0943-7444-1980-3-152,,10.5771/0943-7444-1980-3-152,,,0,,0
079-131-914-382-41X,Reports and Communications,,1981,journal article,KNOWLEDGE ORGANIZATION,09437444,Nomos Verlag,,,,8,2,92,95,,,,,,,http://dx.doi.org/10.5771/0943-7444-1981-2-92,,10.5771/0943-7444-1981-2-92,,,0,,0
079-321-078-246-259,Integration of thesauri in the social sciences,,1981,journal article,Knowledge Organization,09437444,International Society for Knowledge Organization,Germany,Jean Aitchison,,8,2,75,85,Computer science; Engineering ethics,,,,,http://dx.doi.org/10.5771/0943-7444-1981-2-75,http://dx.doi.org/10.5771/0943-7444-1981-2-75,,10.5771/0943-7444-1981-2-75,2890295320,,0,,8
080-391-745-665-705,,,1984,journal issue,KNOWLEDGE ORGANIZATION,09437444,Nomos Verlag,,,,11,2,,,,,,,,,http://dx.doi.org/10.5771/0943-7444-1984-2,,10.5771/0943-7444-1984-2,,,0,,0
081-822-942-796-518,FID/CR News 11,,1984,journal article,KNOWLEDGE ORGANIZATION,09437444,Nomos Verlag,,,,11,3,159,166,,,,,,,http://dx.doi.org/10.5771/0943-7444-1984-3-159,,10.5771/0943-7444-1984-3-159,,,0,,0
082-314-830-072-406,"W. Balzer, A. Kamlah: Aspects of concept formation in physics: theoretical concepts and operational definitions (In German) (Stock)",,1980,journal article,KNOWLEDGE ORGANIZATION,09437444,Nomos Verlag,,,,7,3,157,158,,,,,,,http://dx.doi.org/10.5771/0943-7444-1980-3-157,,10.5771/0943-7444-1980-3-157,,,0,,0
082-334-097-668-677,Infoterm News,,1981,journal article,KNOWLEDGE ORGANIZATION,09437444,Nomos Verlag,,,,8,2,98,100,,,,,,,http://dx.doi.org/10.5771/0943-7444-1981-2-98,,10.5771/0943-7444-1981-2-98,,,0,,0
083-537-714-962-596,COCTA News,,1982,journal article,KNOWLEDGE ORGANIZATION,09437444,Nomos Verlag,,,,9,2,96,96,,,,,,,http://dx.doi.org/10.5771/0943-7444-1982-2-96,,10.5771/0943-7444-1982-2-96,,,0,,0
084-076-805-715-07X,Titelei/Inhaltsverzeichnis,,1980,journal article,KNOWLEDGE ORGANIZATION,09437444,Nomos Verlag,,,,7,1,I,III,,,,,,,http://dx.doi.org/10.5771/0943-7444-1980-1-i,,10.5771/0943-7444-1980-1-i,,,0,,0
084-373-460-385-714,Integration and Classification,,1981,journal article,KNOWLEDGE ORGANIZATION,09437444,Nomos Verlag,,,,8,2,63,63,,,,,,,http://dx.doi.org/10.5771/0943-7444-1981-2-63,,10.5771/0943-7444-1981-2-63,,,0,,0
085-341-227-982-280,"Richmond, Ph. A.: Introduction to PRECIS for North American usage (I. Schäfer-Link)",,1982,journal article,KNOWLEDGE ORGANIZATION,09437444,Nomos Verlag,,,,9,2,105,106,,,,,,,http://dx.doi.org/10.5771/0943-7444-1982-2-105-1,,10.5771/0943-7444-1982-2-105-1,,,0,,0
086-995-216-449-156,FID/CR News,,1984,journal article,KNOWLEDGE ORGANIZATION,09437444,Nomos Verlag,,,,11,1,31,36,,,,,,,http://dx.doi.org/10.5771/0943-7444-1984-1-31,,10.5771/0943-7444-1984-1-31,,,0,,0
087-512-149-882-036,COCTA NEWS,,1981,journal article,KNOWLEDGE ORGANIZATION,09437444,Nomos Verlag,,,,8,1,37,38,,,,,,,http://dx.doi.org/10.5771/0943-7444-1981-1-37,,10.5771/0943-7444-1981-1-37,,,0,,0
087-938-129-437-902,Models and techniques of cluster analysis based on scalar product relations (In German),,1982,journal article,Knowledge Organization,09437444,International Society for Knowledge Organization,Germany,Wolfgang Hartmann,,9,3,129,139,German; Theoretical physics; Mathematics; Scalar (physics),,,,,http://dx.doi.org/10.5771/0943-7444-1982-3-129,http://dx.doi.org/10.5771/0943-7444-1982-3-129,,10.5771/0943-7444-1982-3-129,2890921319,,0,,0
089-800-062-869-655,E. Wåhlin: Research on Classification Systems (E. Coates),,1983,journal article,KNOWLEDGE ORGANIZATION,09437444,Nomos Verlag,,,,10,1,41,42,,,,,,,http://dx.doi.org/10.5771/0943-7444-1983-1-41,,10.5771/0943-7444-1983-1-41,,,0,,0
094-068-609-465-205,A cluster analysis method for objects characterized by ordinal and mixed variables (In German),,1983,journal article,Knowledge Organization,09437444,International Society for Knowledge Organization,Germany,Friedrich Vogel,,10,1,15,18,Statistics; German; Mixed variables; Analysis method; Mathematics; Ordinal number,,,,,http://dx.doi.org/10.5771/0943-7444-1983-1-15,http://dx.doi.org/10.5771/0943-7444-1983-1-15,,10.5771/0943-7444-1983-1-15,2890771823,,0,,0
094-163-952-363-252,Social science information languages: a comparative analysis.,,1980,journal article,Knowledge Organization,09437444,International Society for Knowledge Organization,Germany,Jean Meyriat,,7,2,60,65,Sociology; Social science,,,,,http://dx.doi.org/10.5771/0943-7444-1980-2-60,http://dx.doi.org/10.5771/0943-7444-1980-2-60,,10.5771/0943-7444-1980-2-60,2891844034,,0,,0
095-037-649-087-91X,H. Niemann: Klassifikation von Mustern (Pattern Classification) (H. H. Bock),,1984,journal article,KNOWLEDGE ORGANIZATION,09437444,Nomos Verlag,,,,11,3,171,171,,,,,,,http://dx.doi.org/10.5771/0943-7444-1984-3-171,,10.5771/0943-7444-1984-3-171,,,0,,0
095-701-687-776-815,O. Opitz: Numerical taxonomy (H. H. Bock,,1981,journal article,KNOWLEDGE ORGANIZATION,09437444,Nomos Verlag,,,,8,3,171,172,,,,,,,http://dx.doi.org/10.5771/0943-7444-1981-3-171,,10.5771/0943-7444-1981-3-171,,,0,,0
099-658-211-933-541,Reports and Communications,,1984,journal article,KNOWLEDGE ORGANIZATION,09437444,Nomos Verlag,,,,11,3,157,158,,,,,,,http://dx.doi.org/10.5771/0943-7444-1984-3-157,,10.5771/0943-7444-1984-3-157,,,0,,0
100-121-686-490-856,Reports and Communications,,1980,journal article,KNOWLEDGE ORGANIZATION,09437444,Nomos Verlag,,,,7,1,25,28,,,,,,,http://dx.doi.org/10.5771/0943-7444-1980-1-25,,10.5771/0943-7444-1980-1-25,,,0,,0
100-254-693-954-945,The complementarity of natural and indexing languages,,1982,journal article,Knowledge Organization,09437444,International Society for Knowledge Organization,Germany,Robert Fugmann,,9,3,140,144,Complementarity (molecular biology); Information retrieval; Computer science; Search engine indexing,,,,,http://dx.doi.org/10.5771/0943-7444-1982-3-140,http://dx.doi.org/10.5771/0943-7444-1982-3-140,,10.5771/0943-7444-1982-3-140,2890229707,,0,,10
101-003-040-821-993,,,1981,journal issue,KNOWLEDGE ORGANIZATION,09437444,Nomos Verlag,,,,8,1,,,,,,,,,http://dx.doi.org/10.5771/0943-7444-1981-1,,10.5771/0943-7444-1981-1,,,0,,0
103-264-410-572-161,FID/CR News,,1981,journal article,KNOWLEDGE ORGANIZATION,09437444,Nomos Verlag,,,,8,1,33,35,,,,,,,http://dx.doi.org/10.5771/0943-7444-1981-1-33,,10.5771/0943-7444-1981-1-33,,,0,,0
103-326-577-429-528,Letters to the Editor,,1981,journal article,KNOWLEDGE ORGANIZATION,09437444,Nomos Verlag,,,,8,1,46,46,,,,,,,http://dx.doi.org/10.5771/0943-7444-1981-1-46,,10.5771/0943-7444-1981-1-46,,,0,,0
103-874-678-853-560,,,1980,journal issue,KNOWLEDGE ORGANIZATION,09437444,Nomos Verlag,,,,7,2,,,,,,,,,http://dx.doi.org/10.5771/0943-7444-1980-2,,10.5771/0943-7444-1980-2,,,0,,0
105-891-942-500-316,FID/CR News 6,,1982,journal article,KNOWLEDGE ORGANIZATION,09437444,Nomos Verlag,,,,9,3,155,158,,,,,,,http://dx.doi.org/10.5771/0943-7444-1982-3-155,,10.5771/0943-7444-1982-3-155,,,0,,0
106-240-232-740-62X,"Terminological Data Banks: Proceedings of the First International Conference, Vienna 2 and 3 April 1979, convened by Infoterm. Munchen/New York/London/ Paris: K. G. Saur 1980. 208 p. ISBN 3-598-21365-4; = Infoterm Series 5",,1981,journal article,KNOWLEDGE ORGANIZATION,09437444,Nomos Verlag,,,,8,1,44,45,,,,,,,http://dx.doi.org/10.5771/0943-7444-1981-1-44,,10.5771/0943-7444-1981-1-44,,,0,,0
106-817-929-598-09X,Conceptual Definitions for INTERCONCEPT,,1981,journal article,Knowledge Organization,09437444,International Society for Knowledge Organization,Germany,Ingetraut Dahlberg,,8,1,16,22,Epistemology; Computer science,,,,,http://dx.doi.org/10.5771/0943-7444-1981-1-16,http://dx.doi.org/10.5771/0943-7444-1981-1-16,,10.5771/0943-7444-1981-1-16,2891173642,,0,,10
106-848-125-076-095,"Neelameghan, A. (Ed.) Ordering systems for global information networks Bombay 1975. Bangalore 1979 (H. Beck)",,1982,journal article,KNOWLEDGE ORGANIZATION,09437444,Nomos Verlag,,,,9,3,165,170,,,,,,,http://dx.doi.org/10.5771/0943-7444-1982-3-165-1,,10.5771/0943-7444-1982-3-165-1,,,0,,0
107-474-640-532-22X,A study of specialized terminology: the problem of technical terms,,1982,journal article,Knowledge Organization,09437444,International Society for Knowledge Organization,Germany,T. Miyajima,,9,3,152,154,Computer science; Management science; Terminology,,,,,http://dx.doi.org/10.5771/0943-7444-1982-3-152,http://dx.doi.org/10.5771/0943-7444-1982-3-152,,10.5771/0943-7444-1982-3-152,2889798888,,0,,0
108-260-801-834-29X,Reports and Communications,,1984,journal article,KNOWLEDGE ORGANIZATION,09437444,Nomos Verlag,,,,11,2,90,90,,,,,,,http://dx.doi.org/10.5771/0943-7444-1984-2-90,,10.5771/0943-7444-1984-2-90,,,0,,1
109-364-226-897-413,"R. Arntz, H. Picht: Introduction into translation-oriented terminology work. (In German) (H.-R. Fluck)",,1983,journal article,KNOWLEDGE ORGANIZATION,09437444,Nomos Verlag,,,,10,1,42,42,,,,,,,http://dx.doi.org/10.5771/0943-7444-1983-1-42,,10.5771/0943-7444-1983-1-42,,,0,,0
109-666-131-137-693,Classification Literature 11 (1984) No. 1,,1984,journal article,KNOWLEDGE ORGANIZATION,09437444,Nomos Verlag,,,,11,1,48,62,,,,,,,http://dx.doi.org/10.5771/0943-7444-1984-1-48,,10.5771/0943-7444-1984-1-48,,,0,,0
110-424-619-338-409,Infoterm News,,1984,journal article,KNOWLEDGE ORGANIZATION,09437444,Nomos Verlag,,,,11,1,37,38,,,,,,,http://dx.doi.org/10.5771/0943-7444-1984-1-37,,10.5771/0943-7444-1984-1-37,,,0,,0
110-443-774-866-715,Letter to the Editor,,1984,journal article,KNOWLEDGE ORGANIZATION,09437444,Nomos Verlag,,,,11,3,172,173,,,,,,,http://dx.doi.org/10.5771/0943-7444-1984-3-172-1,,10.5771/0943-7444-1984-3-172-1,,,0,,0
111-187-148-296-600,Simulation of visually displayed indexes,,1980,journal article,Knowledge Organization,09437444,International Society for Knowledge Organization,Germany,Timothy C. Craven,,7,1,21,24,Artificial intelligence; Computer vision; Computer science,,,,,http://dx.doi.org/10.5771/0943-7444-1980-1-21,http://dx.doi.org/10.5771/0943-7444-1980-1-21,,10.5771/0943-7444-1980-1-21,2890273574,,0,,1
112-259-251-637-772,M. J. Cresswell: Logics and Languages (German) (W. G. Stock),,1981,journal article,KNOWLEDGE ORGANIZATION,09437444,Nomos Verlag,,,,8,2,105,107,,,,,,,http://dx.doi.org/10.5771/0943-7444-1981-2-105,,10.5771/0943-7444-1981-2-105,,,0,,0
113-780-544-633-381,Reports and Communications,,1982,journal article,KNOWLEDGE ORGANIZATION,09437444,Nomos Verlag,,,,9,2,93,95,,,,,,,http://dx.doi.org/10.5771/0943-7444-1982-2-93,,10.5771/0943-7444-1982-2-93,,,0,,0
114-412-633-866-758,Do you know your literature?,,1984,journal article,KNOWLEDGE ORGANIZATION,09437444,Nomos Verlag,,,,11,3,127,127,,,,,,,http://dx.doi.org/10.5771/0943-7444-1984-3-127,,10.5771/0943-7444-1984-3-127,,,0,,1
115-237-190-616-696,Titelei/Inhaltsverzeichnis,,1982,journal article,KNOWLEDGE ORGANIZATION,09437444,Nomos Verlag,,,,9,2,I,III,,,,,,,http://dx.doi.org/10.5771/0943-7444-1982-2-i,,10.5771/0943-7444-1982-2-i,,,0,,0
115-933-719-817-965,W. Gaus: Documentation and Classification Science. Textbook for Theory and Practice of Information Retrieval (In German) (R. Fugmann),,1984,journal article,KNOWLEDGE ORGANIZATION,09437444,Nomos Verlag,,,,11,1,41,43,,,,,,,http://dx.doi.org/10.5771/0943-7444-1984-1-41-1,,10.5771/0943-7444-1984-1-41-1,,,0,,0
117-287-603-580-280,"Serrai, A.: Del catalogo alfabetico per soggetti. (On the alphabetical subject catalogue) (M. Cochetti)",,1980,journal article,KNOWLEDGE ORGANIZATION,09437444,Nomos Verlag,,,,7,2,91,92,,,,,,,http://dx.doi.org/10.5771/0943-7444-1980-2-91,,10.5771/0943-7444-1980-2-91,,,0,,0
118-748-730-020-185,"Weinberger, O., Weinberger, Ch.: Logik, Semantik, Hermeneutik (In German). (W. G. Stock)",,1980,journal article,KNOWLEDGE ORGANIZATION,09437444,Nomos Verlag,,,,7,1,33,36,,,,,,,http://dx.doi.org/10.5771/0943-7444-1980-1-33-1,,10.5771/0943-7444-1980-1-33-1,,,0,,0
121-345-542-320-465,"Gentle, J. E. (Ed.): Computer Science and Statistics: Proceedings of the 15th Symposium on the Interface. (R. Haux)",,1984,journal article,KNOWLEDGE ORGANIZATION,09437444,Nomos Verlag,,,,11,1,44,44,,,,,,,http://dx.doi.org/10.5771/0943-7444-1984-1-44,,10.5771/0943-7444-1984-1-44,,,0,,0
121-372-661-985-244,Titelei/Inhaltsverzeichnis,,1981,journal article,KNOWLEDGE ORGANIZATION,09437444,Nomos Verlag,,,,8,3,I,III,,,,,,,http://dx.doi.org/10.5771/0943-7444-1981-3-i,,10.5771/0943-7444-1981-3-i,,,0,,0
122-305-064-552-965,"Diday, E. et al: Optimisation en Classification Automatique (H. H. Bock)",,1982,journal article,KNOWLEDGE ORGANIZATION,09437444,Nomos Verlag,,,,9,2,105,105,,,,,,,http://dx.doi.org/10.5771/0943-7444-1982-2-105,,10.5771/0943-7444-1982-2-105,,,0,,0
122-660-342-432-397,"R. Kittredge, J. Lehrberger: Sublanguage. Studies of Language in Restricted Semantic Domains (T. Bungarten)",,1984,journal article,KNOWLEDGE ORGANIZATION,09437444,Nomos Verlag,,,,11,1,44,47,,,,,,,http://dx.doi.org/10.5771/0943-7444-1984-1-44-1,,10.5771/0943-7444-1984-1-44-1,,,0,,0
124-123-154-204-265,Classification and Joking,,1981,journal article,KNOWLEDGE ORGANIZATION,09437444,Nomos Verlag,,,,8,1,1,1,,,,,,,http://dx.doi.org/10.5771/0943-7444-1981-1-1,,10.5771/0943-7444-1981-1-1,,,0,,0
125-179-500-615-593,,,1982,journal issue,KNOWLEDGE ORGANIZATION,09437444,Nomos Verlag,,,,9,3,,,,,,,,,http://dx.doi.org/10.5771/0943-7444-1982-3,,10.5771/0943-7444-1982-3,,,0,,0
126-387-011-239-040,"Correction, Please!",,1984,journal article,KNOWLEDGE ORGANIZATION,09437444,Nomos Verlag,,,,11,1,47,47,,,,,,,http://dx.doi.org/10.5771/0943-7444-1984-1-47,,10.5771/0943-7444-1984-1-47,,,0,,10
128-136-054-949-735,FID/CR News,,1983,journal article,KNOWLEDGE ORGANIZATION,09437444,Nomos Verlag,,,,10,1,29,36,,,,,,,http://dx.doi.org/10.5771/0943-7444-1983-1-29,,10.5771/0943-7444-1983-1-29,,,0,,1
128-201-221-893-483,COCTA News,,1983,journal article,KNOWLEDGE ORGANIZATION,09437444,Nomos Verlag,,,,10,1,39,40,,,,,,,http://dx.doi.org/10.5771/0943-7444-1983-1-39,,10.5771/0943-7444-1983-1-39,,,0,,0
128-327-508-106-081,"H. Felber, F. Lang, G. Wersig (Eds.): Terminology as applied linguistics (in German) (R. Arntz, in English)",,1981,journal article,KNOWLEDGE ORGANIZATION,09437444,Nomos Verlag,,,,8,3,168,169,,,,,,,http://dx.doi.org/10.5771/0943-7444-1981-3-168,,10.5771/0943-7444-1981-3-168,,,0,,0
128-405-856-798-505,T. Pawlowski: Concept formation and definition (German) (W. Coenenberg et al),,1981,journal article,KNOWLEDGE ORGANIZATION,09437444,Nomos Verlag,,,,8,2,107,108,,,,,,,http://dx.doi.org/10.5771/0943-7444-1981-2-107,,10.5771/0943-7444-1981-2-107,,,0,,0
129-317-556-487-445,"Classification Literature 7 (1980) No. 3, Nos. 5847–6236",,1980,journal article,KNOWLEDGE ORGANIZATION,09437444,Nomos Verlag,,,,7,3,159,178,,,,,,,http://dx.doi.org/10.5771/0943-7444-1980-3-159,,10.5771/0943-7444-1980-3-159,,,0,,0
131-293-611-757-101,Titelei/Inhaltsverzeichnis,,1984,journal article,KNOWLEDGE ORGANIZATION,09437444,Nomos Verlag,,,,11,3,I,III,,,,,,,http://dx.doi.org/10.5771/0943-7444-1984-3-i,,10.5771/0943-7444-1984-3-i,,,0,,0
132-260-739-961-879,Classification literature in India: Analysis and trend,,1981,journal article,Knowledge Organization,09437444,International Society for Knowledge Organization,Germany,Prithvi N. Kaula; H.N. Prasad,,8,3,145,148,Geography; Socioeconomics,,,,,http://dx.doi.org/10.5771/0943-7444-1981-3-145,http://dx.doi.org/10.5771/0943-7444-1981-3-145,,10.5771/0943-7444-1981-3-145,2891791362,,0,,0
133-825-894-701-788,Instead of an Editoral,,1980,journal article,KNOWLEDGE ORGANIZATION,09437444,Nomos Verlag,,,,7,1,1,1,,,,,,,http://dx.doi.org/10.5771/0943-7444-1980-1-1,,10.5771/0943-7444-1980-1-1,,,0,,0
134-359-757-226-045,Editorial,,1980,journal article,KNOWLEDGE ORGANIZATION,09437444,Nomos Verlag,,,,7,3,117,117,,,,,,,http://dx.doi.org/10.5771/0943-7444-1980-3-117,,10.5771/0943-7444-1980-3-117,,,0,,0
135-028-919-384-063,Infoterm News,,1984,journal article,KNOWLEDGE ORGANIZATION,09437444,Nomos Verlag,,,,11,2,97,99,,,,,,,http://dx.doi.org/10.5771/0943-7444-1984-2-97,,10.5771/0943-7444-1984-2-97,,,0,,0
135-924-654-204-869,Titelei/Inhaltsverzeichnis,,1980,journal article,KNOWLEDGE ORGANIZATION,09437444,Nomos Verlag,,,,7,2,I,III,,,,,,,http://dx.doi.org/10.5771/0943-7444-1980-2-i,,10.5771/0943-7444-1980-2-i,,,0,,0
136-008-310-753-541,Classification Literature 11 (1984) No. 3,,1984,journal article,KNOWLEDGE ORGANIZATION,09437444,Nomos Verlag,,,,11,3,174,188,,,,,,,http://dx.doi.org/10.5771/0943-7444-1984-3-174,,10.5771/0943-7444-1984-3-174,,,0,,0
136-759-922-001-25X,NVB. Sectie Wetenschappelijke Bibliotheken: Unity and Diversity in Subject Cataloguing (In Dutch) (A. Vasiljev),,1984,journal article,KNOWLEDGE ORGANIZATION,09437444,Nomos Verlag,,,,11,2,105,106,,,,,,,http://dx.doi.org/10.5771/0943-7444-1984-2-105,,10.5771/0943-7444-1984-2-105,,,0,,0
138-153-666-248-160,Reports and Communications,,1980,journal article,KNOWLEDGE ORGANIZATION,09437444,Nomos Verlag,,,,7,2,79,84,,,,,,,http://dx.doi.org/10.5771/0943-7444-1980-2-79,,10.5771/0943-7444-1980-2-79,,,0,,0
140-156-996-366-624,R. Supper: Recent methods of intellectual indexing (In German) (Schumitz-Esser),,1980,journal article,KNOWLEDGE ORGANIZATION,09437444,Nomos Verlag,,,,7,3,155,156,,,,,,,http://dx.doi.org/10.5771/0943-7444-1980-3-155,,10.5771/0943-7444-1980-3-155,,,0,,0
142-546-226-470-616,Reports and Communications,,1980,journal article,KNOWLEDGE ORGANIZATION,09437444,Nomos Verlag,,,,7,3,146,149,,,,,,,http://dx.doi.org/10.5771/0943-7444-1980-3-146,,10.5771/0943-7444-1980-3-146,,,0,,0
143-576-663-284-444,"J. Høedt, R. Turner: The World of LSP. (F. Riggs)",,1983,journal article,KNOWLEDGE ORGANIZATION,09437444,Nomos Verlag,,,,10,1,43,43,,,,,,,http://dx.doi.org/10.5771/0943-7444-1983-1-43,,10.5771/0943-7444-1983-1-43,,,0,,0
143-723-720-367-244,"Techniques of classification in psychology I: Factor analysis, facet analysis, multidimensional scaling, latent structure analysis",,1981,journal article,Knowledge Organization,09437444,International Society for Knowledge Organization,Germany,Joachim Krauth,,8,3,126,132,Artificial intelligence; Psychology; Pattern recognition; Facet (geometry); Latent structure; Multidimensional scaling,,,,,http://dx.doi.org/10.5771/0943-7444-1981-3-126,http://dx.doi.org/10.5771/0943-7444-1981-3-126,,10.5771/0943-7444-1981-3-126,2890899258,,0,,3
146-452-930-486-281,B. Form and Subject Index,,1982,journal article,KNOWLEDGE ORGANIZATION,09437444,Nomos Verlag,,,,9,3,182,186,,,,,,,http://dx.doi.org/10.5771/0943-7444-1982-3-182,,10.5771/0943-7444-1982-3-182,,,0,,0
147-897-324-744-533,Some vital statistics of abstracting and indexing,,1980,journal article,Knowledge Organization,09437444,International Society for Knowledge Organization,Germany,Hans H. Wellisch,,7,3,135,139,Information retrieval; Computer science; Search engine indexing,,,,,http://dx.doi.org/10.5771/0943-7444-1980-3-135,http://dx.doi.org/10.5771/0943-7444-1980-3-135,,10.5771/0943-7444-1980-3-135,2890087132,,0,,0
149-519-639-399-396,Classification Science – a True Scientific Discipline?,,1982,journal article,KNOWLEDGE ORGANIZATION,09437444,Nomos Verlag,,,,9,2,63,63,,,,,,,http://dx.doi.org/10.5771/0943-7444-1982-2-63,,10.5771/0943-7444-1982-2-63,,,0,,0
149-654-193-044-890,Informetric analyses based on the textword method (In German),,1984,journal article,Knowledge Organization,09437444,International Society for Knowledge Organization,Germany,Wolfgang G. Stock,,11,3,151,157,Regional science; German; Political science,,,,,http://dx.doi.org/10.5771/0943-7444-1984-3-151,http://dx.doi.org/10.5771/0943-7444-1984-3-151,,10.5771/0943-7444-1984-3-151,2891693389,,0,,0
149-842-494-926-975,Compatibility of retrieval languages. Introduction to a Forum,,1983,journal article,Knowledge Organization,09437444,International Society for Knowledge Organization,Germany,Elaine Svenonius,,10,1,2,4,Computer science; Multimedia; Compatibility (mechanics),,,,,http://dx.doi.org/10.5771/0943-7444-1983-1-2,http://dx.doi.org/10.5771/0943-7444-1983-1-2,,10.5771/0943-7444-1983-1-2,2891239177,,0,,5
150-095-036-688-403,COCTA News,,1980,journal article,KNOWLEDGE ORGANIZATION,09437444,Nomos Verlag,,,,7,3,150,151,,,,,,,http://dx.doi.org/10.5771/0943-7444-1980-3-150,,10.5771/0943-7444-1980-3-150,,,0,,0
150-778-982-311-074,,,1983,journal issue,KNOWLEDGE ORGANIZATION,09437444,Nomos Verlag,,,,10,1,,,,,,,,,http://dx.doi.org/10.5771/0943-7444-1983-1,,10.5771/0943-7444-1983-1,,,0,,0
151-154-903-633-755,"Classification Literature 7 (1980) No. 2, Nos. 5477–5846",,1980,journal article,KNOWLEDGE ORGANIZATION,09437444,Nomos Verlag,,,,7,2,95,116,,,,,,,http://dx.doi.org/10.5771/0943-7444-1980-2-95,,10.5771/0943-7444-1980-2-95,,,0,,0
151-383-254-755-451,Infoterm News,,1982,journal article,KNOWLEDGE ORGANIZATION,09437444,Nomos Verlag,,,,9,3,159,161,,,,,,,http://dx.doi.org/10.5771/0943-7444-1982-3-159,,10.5771/0943-7444-1982-3-159,,,0,,0
152-496-235-769-927,COCTA News,,1980,journal article,KNOWLEDGE ORGANIZATION,09437444,Nomos Verlag,,,,7,2,86,89,,,,,,,http://dx.doi.org/10.5771/0943-7444-1980-2-86,,10.5771/0943-7444-1980-2-86,,,0,,0
154-106-771-847-50X,Classification Literature 9 (1982) No. 3,,1982,journal article,KNOWLEDGE ORGANIZATION,09437444,Nomos Verlag,,,,9,3,171,180,,,,,,,http://dx.doi.org/10.5771/0943-7444-1982-3-171,,10.5771/0943-7444-1982-3-171,,,0,,0
157-094-185-481-131,Reflections on Trends in Classification,,1983,journal article,KNOWLEDGE ORGANIZATION,09437444,Nomos Verlag,,,,10,1,1,1,,,,,,,http://dx.doi.org/10.5771/0943-7444-1983-1-1,,10.5771/0943-7444-1983-1-1,,,0,,0
160-369-910-550-24X,Obituary,,1982,journal article,KNOWLEDGE ORGANIZATION,09437444,Nomos Verlag,,,,9,3,170,170,,,,,,,http://dx.doi.org/10.5771/0943-7444-1982-3-170,,10.5771/0943-7444-1982-3-170,,,0,,0
160-416-711-779-390,COCTA News,,1981,journal article,KNOWLEDGE ORGANIZATION,09437444,Nomos Verlag,,,,8,2,101,103,,,,,,,http://dx.doi.org/10.5771/0943-7444-1981-2-101,,10.5771/0943-7444-1981-2-101,,,0,,1
160-735-833-536-088,"F. Wingert: Medical informatics (in German) (R. Henzler, in Engl sh)",,1981,journal article,KNOWLEDGE ORGANIZATION,09437444,Nomos Verlag,,,,8,3,167,167,,,,,,,http://dx.doi.org/10.5771/0943-7444-1981-3-167,,10.5771/0943-7444-1981-3-167,,,0,,0
161-841-155-624-948,"Kuhn, P.: Der Grundwortschatz. Bestimmung und Systematisierung (The basic vocabulary of the German language. Determination and systematization) (A. Hoppe) (In German)",,1982,journal article,KNOWLEDGE ORGANIZATION,09437444,Nomos Verlag,,,,9,2,108,108,,,,,,,http://dx.doi.org/10.5771/0943-7444-1982-2-108,,10.5771/0943-7444-1982-2-108,,,0,,0
164-615-630-691-802,Titelei/Inhaltsverzeichnis,,1981,journal article,KNOWLEDGE ORGANIZATION,09437444,Nomos Verlag,,,,8,2,I,III,,,,,,,http://dx.doi.org/10.5771/0943-7444-1981-2-i,,10.5771/0943-7444-1981-2-i,,,0,,0
167-273-888-478-250,"BELKE, W., GRAICHEN, D., STARRUSS, M.: Nicht metrische Klassifizierung von Informationen. Theorie und Anwendung. (Non-metric classification of informa tion. Theory and application.) (In German.) Berlin: Akademie-Verlag 1979. VIII, 147 p., M 20,-",,1981,journal article,KNOWLEDGE ORGANIZATION,09437444,Nomos Verlag,,,,8,1,42,42,,,,,,,http://dx.doi.org/10.5771/0943-7444-1981-1-42,,10.5771/0943-7444-1981-1-42,,,0,,0
169-380-348-733-19X,Titelei/Inhaltsverzeichnis,,1980,journal article,KNOWLEDGE ORGANIZATION,09437444,Nomos Verlag,,,,7,3,I,III,,,,,,,http://dx.doi.org/10.5771/0943-7444-1980-3-i,,10.5771/0943-7444-1980-3-i,,,0,,0
169-828-366-734-324,A procedure for comparing documentation language applications: the transformed Zipf curve,,1982,journal article,Knowledge Organization,09437444,International Society for Knowledge Organization,Germany,H. Peter Ohly,,9,3,125,128,Zipf's law; Information retrieval; Computer science; Documentation,,,,,http://dx.doi.org/10.5771/0943-7444-1982-3-125,http://dx.doi.org/10.5771/0943-7444-1982-3-125,,10.5771/0943-7444-1982-3-125,2889618761,,0,,2
173-727-367-447-927,Infoterm News,,1980,journal article,KNOWLEDGE ORGANIZATION,09437444,Nomos Verlag,,,,7,1,29,32,,,,,,,http://dx.doi.org/10.5771/0943-7444-1980-1-29,,10.5771/0943-7444-1980-1-29,,,0,,0
175-126-492-081-484,"Classification Literature 7 (1980) No. 1, Nos. 5112–5476",,1980,journal article,KNOWLEDGE ORGANIZATION,09437444,Nomos Verlag,,,,7,1,37,54,,,,,,,http://dx.doi.org/10.5771/0943-7444-1980-1-37,,10.5771/0943-7444-1980-1-37,,,0,,0
176-371-819-734-455,"R. Dobbener: Foundations of Numerical Taxonomy based on Mixed Variables. (In German, review in English) (J. Krauth)",,1984,journal article,KNOWLEDGE ORGANIZATION,09437444,Nomos Verlag,,,,11,1,43,44,,,,,,,http://dx.doi.org/10.5771/0943-7444-1984-1-43,,10.5771/0943-7444-1984-1-43,,,0,,0
177-655-238-756-155,Classification Literature,,1981,journal article,KNOWLEDGE ORGANIZATION,09437444,Nomos Verlag,,,,8,1,47,62,,,,,,,http://dx.doi.org/10.5771/0943-7444-1981-1-47,,10.5771/0943-7444-1981-1-47,,,0,,0
180-762-526-546-306,A. Alphabetical Index,,1982,journal article,KNOWLEDGE ORGANIZATION,09437444,Nomos Verlag,,,,9,3,181,182,,,,,,,http://dx.doi.org/10.5771/0943-7444-1982-3-181,,10.5771/0943-7444-1982-3-181,,,0,,0
186-568-456-134-945,"ILLIG, A.: Konkurrenzanalyse mit Hilfe multivariater Klassifikation. (Competitor-analysis with the aid of mul tivariate classification procedures) (In German). Thun Frankfurt: Verlag Harri Deutsch 1980. 170 p., DM 29,80",,1981,journal article,KNOWLEDGE ORGANIZATION,09437444,Nomos Verlag,,,,8,1,43,44,,,,,,,http://dx.doi.org/10.5771/0943-7444-1981-1-43-1,,10.5771/0943-7444-1981-1-43-1,,,0,,0
187-515-345-196-403,Kooperation in der Klassification (H. Wellisch),,1980,journal article,KNOWLEDGE ORGANIZATION,09437444,Nomos Verlag,,,,7,1,33,33,,,,,,,http://dx.doi.org/10.5771/0943-7444-1980-1-33,,10.5771/0943-7444-1980-1-33,,,0,,0
187-931-704-994-267,Who’ s Who in Classification and Indexing,,1981,journal article,KNOWLEDGE ORGANIZATION,09437444,Nomos Verlag,,,,8,3,125,125,,,,,,,http://dx.doi.org/10.5771/0943-7444-1981-3-125,,10.5771/0943-7444-1981-3-125,,,0,,0
189-608-193-372-61X,FID/CR News 5,,1982,journal article,KNOWLEDGE ORGANIZATION,09437444,Nomos Verlag,,,,9,2,97,100,,,,,,,http://dx.doi.org/10.5771/0943-7444-1982-2-97,,10.5771/0943-7444-1982-2-97,,,0,,0
191-352-595-270-937,Letter to the Editor,,1983,journal article,KNOWLEDGE ORGANIZATION,09437444,Nomos Verlag,,,,10,1,44,44,,,,,,,http://dx.doi.org/10.5771/0943-7444-1983-1-44,,10.5771/0943-7444-1983-1-44,,,0,,1
192-908-155-901-19X,BSI ROOT Thesaurus (I. Dahlberg),,1981,journal article,KNOWLEDGE ORGANIZATION,09437444,Nomos Verlag,,,,8,3,172,172,,,,,,,http://dx.doi.org/10.5771/0943-7444-1981-3-172,,10.5771/0943-7444-1981-3-172,,,0,,0
193-170-717-668-640,,,1981,journal issue,KNOWLEDGE ORGANIZATION,09437444,Nomos Verlag,,,,8,2,,,,,,,,,http://dx.doi.org/10.5771/0943-7444-1981-2,,10.5771/0943-7444-1981-2,,,0,,0
196-354-663-762-185,"Rowley, J. E.: Abstracting and indexing (H. H. Wellisch)",,1982,journal article,KNOWLEDGE ORGANIZATION,09437444,Nomos Verlag,,,,9,2,106,107,,,,,,,http://dx.doi.org/10.5771/0943-7444-1982-2-106,,10.5771/0943-7444-1982-2-106,,,0,,0
197-759-184-657-144,"Ambrosi, K.: Aggregation and identification in numerical taxonomy (in German) (Bock, in Engl.)",,1982,journal article,KNOWLEDGE ORGANIZATION,09437444,Nomos Verlag,,,,9,3,165,165,,,,,,,http://dx.doi.org/10.5771/0943-7444-1982-3-165,,10.5771/0943-7444-1982-3-165,,,0,,0
199-672-077-232-512,Cocta News,,1982,journal article,KNOWLEDGE ORGANIZATION,09437444,Nomos Verlag,,,,9,3,162,164,,,,,,,http://dx.doi.org/10.5771/0943-7444-1982-3-162,,10.5771/0943-7444-1982-3-162,,,0,,0
